HOSPITAL,AVG_BODE_SCORE,AVG_BODE_RISK,NUM_PATIENTS
ST.LUKE'S,2.9146341463414633,70.70731707317073,164
SAINT LOUIS UNIVERSITY,3.0365853658536586,69.78658536585365,164
BJC,2.972826086956522,70.19021739130434,184
MISSOURI BAPTIST,2.8260869565217392,70.72049689440993,161
BJC WEST COUNTY,2.8771929824561404,70.64327485380117,171
ST.MARY'S,2.8974358974358974,70.1923076923077,156
